{"playerPositionX":-21.510000228881837,"playerPositionY":-8.420000076293946}